{
  "main": {
    "id": "53afc28d5fed655d",
    "type": "split",
    "children": [
      {
        "id": "31b28395305a0102",
        "type": "tabs",
        "children": [
          {
            "id": "65ff4a42c5abac26",
            "type": "leaf",
            "state": {
              "type": "markdown",
              "state": {
                "file": "Study/_Notes/Deal lương.md",
                "mode": "source",
                "source": false
              }
            }
          }
        ]
      }
    ],
    "direction": "vertical"
  },
  "left": {
    "id": "a7769b60f903d34e",
    "type": "split",
    "children": [
      {
        "id": "85fabefad7979925",
        "type": "tabs",
        "children": [
          {
            "id": "c56175fa4b32be92",
            "type": "leaf",
            "state": {
              "type": "file-explorer",
              "state": {
                "sortOrder": "alphabetical"
              }
            }
          },
          {
            "id": "1196c3233f7ba524",
            "type": "leaf",
            "state": {
              "type": "search",
              "state": {
                "query": "",
                "matchingCase": false,
                "explainSearch": false,
                "collapseAll": false,
                "extraContext": false,
                "sortOrder": "alphabetical"
              }
            }
          },
          {
            "id": "fcce52a6220ccec1",
            "type": "leaf",
            "state": {
              "type": "bookmarks",
              "state": {}
            }
          }
        ]
      }
    ],
    "direction": "horizontal",
    "width": 297.50802993774414
  },
  "right": {
    "id": "354362adad9f749e",
    "type": "split",
    "children": [
      {
        "id": "cde3c37c485cca44",
        "type": "tabs",
        "children": [
          {
            "id": "abaf9fccd5a1d867",
            "type": "leaf",
            "state": {
              "type": "backlink",
              "state": {
                "file": "Study/_Notes/Deal lương.md",
                "collapseAll": false,
                "extraContext": false,
                "sortOrder": "alphabetical",
                "showSearch": false,
                "searchQuery": "",
                "backlinkCollapsed": true,
                "unlinkedCollapsed": true
              }
            }
          },
          {
            "id": "c611e04c6675cd97",
            "type": "leaf",
            "state": {
              "type": "outgoing-link",
              "state": {
                "file": "Study/_Notes/Deal lương.md",
                "linksCollapsed": false,
                "unlinkedCollapsed": true
              }
            }
          },
          {
            "id": "747828e2c662f10b",
            "type": "leaf",
            "state": {
              "type": "tag",
              "state": {
                "sortOrder": "frequency",
                "useHierarchy": true
              }
            }
          },
          {
            "id": "ba7776689ffd407b",
            "type": "leaf",
            "state": {
              "type": "outline",
              "state": {
                "file": "Study/_Notes/Deal lương.md"
              }
            }
          },
          {
            "id": "4f441dc62d20591c",
            "type": "leaf",
            "state": {
              "type": "git-history-view",
              "state": {}
            }
          }
        ],
        "currentTab": 4
      }
    ],
    "direction": "horizontal",
    "width": 300,
    "collapsed": true
  },
  "left-ribbon": {
    "hiddenItems": {
      "switcher:Open quick switcher": false,
      "graph:Open graph view": false,
      "canvas:Create new canvas": false,
      "daily-notes:Open today's daily note": false,
      "templates:Insert template": false,
      "command-palette:Open command palette": false,
      "obsidian42-brat:BRAT": true,
      "omnisearch:Omnisearch": false
    }
  },
  "active": "c56175fa4b32be92",
  "lastOpenFiles": [
    "Study/_Notes/Cà phê muối.md",
    "Study/_Notes/Trí thông minh thể lỏng và kết tinh.md",
    "Study/_Notes/Images/Pasted image 20240313111128.png",
    "Study/_Notes/Deal lương.md",
    "Study/_Notes/Images",
    "Study/_Notes/TRIZ - Mô hình ĐẨY thông tin và HÚT thông tin.md",
    "Study/HPC/7_Quản trị Logistics Kinh doanh/8_Quản lý kho, bao bì hàng hoá và dòng logistics ngược.md",
    "Study/HPC/7_Quản trị Logistics Kinh doanh/7_Quản trị vận chuyển hàng hoá..md",
    "Study/HPC/7_Quản trị Logistics Kinh doanh/Bài tập nhóm.md",
    "2024-03-12.md",
    "Study/HPC/7_Quản trị Logistics Kinh doanh/khủng hoảng truyền thông Kitkat - 2010.md",
    "Study/HPC/7_Quản trị Logistics Kinh doanh/6_Quản lý dự trữ và quản trị mua hàng.md",
    "Study/HPC/7_Quản trị Logistics Kinh doanh/Phương thức vận chuyển/7_.md",
    "Study/HPC/9_PT và CN vận tải/Subjects/0_Đề thi - Trần Nhật Minh.md",
    "Study/Customer Service Support Tools/Callouts.md",
    "Study/HPC/9_PT và CN vận tải/Subjects/1_Tổng quan.md",
    "Study/HPC/9_PT và CN vận tải/Subjects/8_Vận tải hàng không.md",
    "Study/HPC/9_PT và CN vận tải/DET.md",
    "Pasted image 20240309084659.png",
    "Study/HPC/9_PT và CN vận tải/DEM.md",
    "Study/HPC/9_PT và CN vận tải/cán cân mậu dịch.md",
    "Study/HPC/9_PT và CN vận tải/Subjects/9_Vận tải đường bộ.md",
    "Study/HPC/9_PT và CN vận tải/Subjects/7_Vận tải đường sắt.md",
    "Study/HPC/9_PT và CN vận tải/Subjects/6_Tổ chức và vận tải cảng.md",
    "Study/HPC/9_PT và CN vận tải/Subjects/5_Cảng container.md",
    "Study/HPC/9_PT và CN vận tải/Subjects/4_Vận tải đường biển.md",
    "Study/HPC/9_PT và CN vận tải/Subjects/3_Tuyến đường biển.md",
    "Study/HPC/9_PT và CN vận tải/Incoterm.md",
    "Study/_Notes",
    "Study/HPC/9_PT và CN vận tải/Examination of container terminal layout.pdf",
    "Pasted image 20240307074028.png",
    "Study/HPC/7_Quản trị Logistics Kinh doanh/PHÂN TÍCH HOẠT ĐỘNG QUẢN TRỊ VẬN TẢI CỦA CÔNG TY CỔ PHẦN GIAO NHẬN TOÀN CẦU DHL.pdf",
    "Study/HPC/6_Nguyên lý kế toán/Pasted image 20240306140650.png",
    "Study/HPC/6_Nguyên lý kế toán/Pasted image 20240306135352.png",
    "Study/HPC/6_Nguyên lý kế toán/Pasted image 20240306134151.png",
    "Pasted image 20240306092438.png",
    "Pasted image 20240306092440.png",
    "Study/HPC/7_Quản trị Logistics Kinh doanh/nestle-procurement-policy-vn.pdf",
    "Study/HPC/1_Kỹ năng mềm/Pasted image 20240222195844.png",
    "Study/HPC/7_Quản trị Logistics Kinh doanh/nestle-procurement-policy-vn.pdf.opdownload",
    "Untitled.canvas",
    "Study/HPC/Tiếng Anh chuyên ngành/Pasted image 20240229185513.png",
    "Study/HPC/9_PT và CN vận tải/10.54410-denlojad.1120499-2443944.pdf.opdownload",
    "Study/HPC/8_KT vận tải/Phân tích hồi qui logistic.pdf",
    "Study/HPC/9_PT và CN vận tải/Sơ đồ luân chuyển Container.canvas",
    "Study/HPC/9_PT và CN vận tải/Subjects",
    "Study/HPC/7_Quản trị Logistics Kinh doanh/Phương thức vận chuyển",
    "Untitled 1/Untitled.canvas"
  ]
}